,x0,x1,sin,cos
0,169.65300012666088,57.67600642065618,-0.7352578259049145,-0.6777875252950428
1,153.6808743400827,42.86729703284332,-0.2848213710230106,-0.9585806103863006
2,107.7725806831674,36.76429374594927,0.5801788868584461,-0.8144890786521907
3,7.4529244564551655,109.65240331464862,0.89017044094102,-0.4556276836133534
4,81.35238413209785,138.4363312430633,-0.6399583706665104,-0.7684095807665762
5,177.9462990414408,22.921426352709997,-0.3562117071102943,-0.9344052759469896
6,96.86628957491577,137.43929824812687,-0.8121404334174553,-0.583462009396077
7,36.77043866741647,27.54317084427265,0.9011800032856758,0.43344503882041296
8,172.49428870829254,159.637339531671,-0.46744188940630105,0.884023800600565
9,47.894213740201614,102.94506551707497,0.48726111074650563,-0.873256325458958
10,80.35136952088189,102.948928482366,-0.057569219472205405,-0.9983415172020851
11,142.96570263517415,147.2679075623068,-0.9382903064029612,0.34584866764270933
12,162.41866903458856,114.06997697185061,-0.9935942690343356,0.11300632080607016
13,31.100342136915103,106.66245405026999,0.6722014736094086,-0.74036827246806
14,167.56962636769487,122.65624935677846,-0.9383369846638813,0.34572200278821574
15,28.287777337586302,147.1074116601098,0.0802826214059718,-0.996772140812626
16,131.37705906555618,57.36211655244982,-0.15193666112731302,-0.9883902321479529
17,107.06188639657178,45.62729054765428,0.4588174042814811,-0.8885305788369942
18,47.8251109897411,172.5636001193964,-0.6479698438749213,-0.7616659907260597
19,169.36364356947846,66.90093962513143,-0.8316109917495323,-0.5553585854214907
20,85.74293143720237,102.21903969720967,-0.13851580080180906,-0.9903602238217333
21,111.8840846026538,155.3827342860115,-0.998862427188993,-0.047684919525084205
22,34.09048858310952,96.99583103718169,0.7537203307748147,-0.6571953004828199
23,67.37123109334748,139.28594803320303,-0.4486511984800613,-0.8937069441950223
24,116.53029374205498,65.27976011291616,-0.03158614488014309,-0.9995010332418924
25,142.03530087915942,13.834263550574965,0.4088153010947867,-0.9126171429415398
26,93.61125189947494,110.17743054703631,-0.4033645578045865,-0.9150393617255546
27,87.31221408738482,52.031955614992235,0.6515137592515172,-0.758636817921432
28,75.6300290685799,90.44182893719673,0.24070480073891745,-0.9705983715735557
29,117.29905649602253,2.586768440907201,0.8670200490296879,-0.49827325292509694
30,13.766462409587417,22.814976893722694,0.5959647747633655,0.8030105772910161
31,116.43198542362016,103.03990042198618,-0.6356995194486218,-0.7719366042446694
32,106.96494487287953,73.19658730635264,-0.0028192646408045133,-0.9999960258655457
33,177.5584211400344,69.55185774942794,-0.9212551997588178,-0.3889586827894974
34,78.48242252239046,78.23034614399366,0.395340812126552,-0.9185345079348507
35,131.79680893180367,167.85675782085616,-0.8690327553188755,0.49475455549482666
36,170.0230361939259,161.26808660003493,-0.4803593936122664,0.8770717490424917
37,21.261215014369984,102.27750230240099,0.8335126632387422,-0.5525003531407553
38,163.49223902823573,122.33511293235527,-0.9620879022666344,0.2727395613257945
39,46.093538542105456,87.02972360696909,0.7298848065509858,-0.6835701640402616
40,52.748926048972464,6.891987185127643,0.86287479313521,0.5054177394708941
41,152.46166327446812,80.21120712877212,-0.7951864557066866,-0.6063649896396045
42,153.42813239017454,94.91438162008893,-0.9294066713196116,-0.36905723039469024
43,80.20070431753818,174.8449856564823,-0.966131911929653,-0.2580486945348749
44,55.55606490896821,172.8887661000375,-0.748317349746197,-0.6633408958211666
45,98.37703093771458,172.79873063685557,-0.99978945350085,0.02051947047249744
46,124.68559961033388,105.2417109643659,-0.7652283416246475,-0.6437589495878032
47,55.747071889235485,157.1754968568566,-0.543505133167657,-0.8394058435705624
48,129.5696914573421,38.63300941975743,0.20444990859087062,-0.9788770274540028
49,18.403581431982158,9.277483350664257,0.46454941378879033,0.8855471992776507
50,38.342740223932914,168.43764876054166,-0.45057200287522176,-0.8927400910819516
51,113.25248186010072,2.410059024028046,0.9013603484903228,-0.4330698813926039
52,9.518416582728197,66.12450152007386,0.9687691735726798,0.24796428842740048
53,100.61310449248055,156.05462249411076,-0.9730491382075277,-0.2305978634627557
54,32.96258889561097,37.59170864838202,0.9429574068139116,0.3329133955472251
55,104.27917755379835,107.34697400456321,-0.5243746057800077,-0.8514876821264424
56,131.00852872659524,21.115872889970426,0.46755338617074954,-0.8839648358844745
57,33.21066306998634,67.41587252336886,0.9828500497085398,-0.18440656113034787
58,66.6925686176278,129.8860249160572,-0.2853303053969685,-0.9584292445569849
59,34.88760757911555,84.73909070383853,0.8692646715716555,-0.49434697405508793
60,73.2695768957938,130.75589921180278,-0.40714280349633114,-0.9133645151642076
61,147.1521133438752,114.75228780178763,-0.9900344780509868,-0.14082518336686192
62,136.78180976456233,14.425444629662126,0.48164271836638445,-0.8763676693287126
63,44.022649906838474,80.01149870693672,0.8287041431449956,-0.5596869152788179
64,73.10774303654563,13.066994823049725,0.9977721506454972,0.0667138321209271
65,41.5696699963613,40.75532568682603,0.9910415578182775,0.1335538493534414
66,109.24980710697734,60.21304140428882,0.18287304515555025,-0.9831365364767684
67,111.24525432775555,172.8241183082514,-0.9700021007128494,0.24309653352662028
68,62.460802276018754,175.03321993412163,-0.8433353836181987,-0.5373875982357107
69,168.6494247562337,38.84079986445114,-0.4615972713310521,-0.8870896003785227
70,94.39326203994852,162.33537701233666,-0.9732937405850236,-0.22956326913949618
71,44.859534553995786,131.9818641558063,0.05510007330861925,-0.9984808370326317
72,139.44988976694935,167.9006075047005,-0.7949390879447221,0.6066892503231067
73,74.3069131536351,63.112235926486356,0.6766299175663424,-0.7363232677663831
74,64.63731291905044,132.39930348918787,-0.2929827972396272,-0.9561177126910909
75,173.8449284405166,143.42098928525303,-0.6785967122659099,0.7345110632944188
76,151.1748455654331,40.378588607474754,-0.20028172756957735,-0.9797383475202681
77,169.80357500967725,4.400946494145868,0.1009777857290266,-0.9948886806016354
78,96.394955165612,84.75139674420888,-0.020006280382660595,-0.9997998543434833
79,103.7455578451127,9.170223829744021,0.9210781894705216,-0.38937766869930535
80,97.90402297881144,157.72980834720246,-0.9687298356982067,-0.24811792645459044
81,136.3072413250236,44.37936618936606,-0.01198327497902342,-0.9999281979826237
82,142.11382288009307,143.4909020997079,-0.9631403866584034,0.26899924830285543
83,31.528825527051907,75.98226065930677,0.9536587491941968,-0.3008903289993882
84,167.9195396133547,140.67465507015993,-0.7815836810649859,0.623800408378278
85,108.53195348678518,44.70529053233146,0.45029723723523213,-0.8928787141254501
86,171.8308334532761,160.068685590786,-0.47101928600920423,0.8821229121881935
87,153.91132308128928,149.35178586010431,-0.836160687655754,0.5484845525801585
88,149.26645156271215,71.33529571083322,-0.6507973714552538,-0.7592514611819542
89,177.3198573515838,141.93747382569921,-0.652662814269442,0.7576485008695601
90,1.887601528980778,29.36980757103752,0.5188838052038806,0.8548447793003952
91,127.9950010646264,126.85629191283277,-0.9652508277096639,-0.2613251606826425
92,145.00730516140118,31.33621839472002,0.06377424370816463,-0.9979643509862722
93,169.99435208680868,65.67447081874221,-0.8257915334842372,-0.5639754810501535
94,128.28110255471375,65.54243338339494,-0.23893235960553552,-0.9710362132965645
95,40.687346150590194,17.118580028513534,0.8462482777070758,0.5327887503296291
96,29.542166221445957,55.78605604808023,0.9966776264871856,0.08144758351154507
97,87.45298860092811,53.7779950785767,0.6261822793402874,-0.7796766977665821
98,165.965290265184,72.23932987021806,-0.8499351821340502,-0.5268872613479652
99,153.3825987041617,122.94563500161293,-0.993906760878874,0.11022409300722215
100,115.01093734635509,140.1622788392054,-0.9667038708292831,-0.2558976868275301
101,104.10156215895833,6.716830652224957,0.9347116335287861,-0.35540703727690637
102,172.3846500371269,144.2578594936096,-0.6865482532742067,0.7270842426611483
103,52.086945644519886,23.83567059843817,0.969968101367311,0.24323215726933337
104,72.61154004300037,149.8150284210095,-0.6746447421149908,-0.7381425823894714
105,25.2859385921993,88.53338690896027,0.914823502550512,-0.4038538834544164
106,83.42636521951755,85.17409151203721,0.19764952617114664,-0.9802727502100226
107,99.3984571557587,85.71797353988191,-0.08917992764202146,-0.9960155322613016
108,74.36192775266711,126.92994060526954,-0.363118997536718,-0.9317427722434605
109,41.229649159592455,20.233974694298468,0.8785139953340688,0.4777166105571082
110,121.20133558047192,39.68273113870883,0.3274806654757503,-0.9448578801806967
111,139.69617680938367,120.81194695464329,-0.9863089931341128,-0.1649077622878092
112,144.3683161777017,49.60487889271291,-0.24146793154202817,-0.9704087994432111
113,161.13929026480582,76.39340193189467,-0.8436978843932373,-0.5368182931592174
114,159.41126464975906,106.60865471142317,-0.997588241400023,-0.06940965797646133
115,40.07240730818053,11.693438999818262,0.7854881238113142,0.6188767303360029
116,106.63695205002553,84.2848269759132,-0.18946868725366242,-0.9818867636089071
117,15.74152385551767,65.91505424290939,0.9894161038247914,0.14510607668932943
118,148.45058084437426,109.25609333903449,-0.9770703829652361,-0.21291657223468274
119,91.63168828478865,112.80103034164891,-0.4136244063033337,-0.910447609975563
120,67.38345513190872,130.48884206503197,-0.3068964811196554,-0.9517429011431464
121,40.91253368221394,106.04617083966826,0.5452433586533705,-0.8382778058879956
122,15.41963212447282,154.76980328110696,0.17039119263514413,-0.9853764973208835
123,39.28328246477788,67.32480625821285,0.9582822329034428,-0.2858236556018268
124,37.44379111604998,68.96846545219242,0.9592535548207294,-0.2825466644004031
125,130.3725731526161,67.12693639713899,-0.30069763570325203,-0.953719524746387
126,77.30064352763797,15.488449552923054,0.9988154183672765,-0.04865963452187574
127,66.0479806799178,174.7015438926423,-0.8724919525740381,-0.48862848125497393
128,44.99317211675778,50.8174710917078,0.9948619195442008,-0.10124110351447298
129,31.06263214070056,175.07428576747114,-0.44051771272601736,-0.8977439193749174
130,50.018017565197376,65.05390080728195,0.9057765975263243,-0.42375553727784493
131,63.88679931861682,130.55411075219254,-0.24938140703784079,-0.9684053458257171
132,87.55476963066356,64.45815570029951,0.46927236706313025,-0.8830534782848469
133,126.24909078567454,0.7939421506236566,0.7981832817762712,-0.6024146816710743
134,93.50868182861629,57.42377775392537,0.48584028720749184,-0.8740476047253616
135,59.643878622879654,26.354947660892368,0.9975626210743143,0.0697769090412013
136,167.50329895818734,170.40001472815115,-0.3761706769705117,0.9265503881535785
137,114.50696027573538,9.207034308150305,0.8318185756946961,-0.5550476169926749
138,61.6546383568175,3.845960812191278,0.9099656074697521,0.4146837267390717
139,169.14409980861527,77.63737613619482,-0.9190079275343357,-0.3942390507408484
140,81.80000189828952,46.7477904712361,0.782088623899267,-0.6231672202285281
141,155.09559085287003,121.03816304725733,-0.9942751696518751,0.10684983394341337
142,67.83572814487331,69.21924274520116,0.6812963687025451,-0.7320076898453498
143,113.13247554974183,168.46709091195186,-0.9795767710617518,0.20107050901669382
144,71.05985300772505,59.94383812390213,0.7546673137594846,-0.6561076478315457
145,110.47464599370277,93.72522136660085,-0.4099209222829337,-0.9121210651414148
146,154.11605072506174,60.526700175051175,-0.5684577651619506,-0.8227124462575491
147,49.891130915178486,37.01096421736179,0.9985386471564687,0.05404229949705383
148,125.43237463538746,150.88615228974376,-0.9939254202612581,0.11005570843205513
149,158.49511404500487,1.450421488692295,0.3429132456814114,-0.9393670773112287
150,19.186877377299066,14.95619834977788,0.5612613828054649,0.8276386048096702
151,47.21622971428083,77.79434953891297,0.8190461235663478,-0.5737276771003287
152,147.80535642563387,109.69820788084878,-0.9763094696975841,-0.21637887923460097
153,30.114097118333238,92.73329764704411,0.8401182178048167,-0.5424033371140508
154,150.1908497716576,30.077729882626535,-0.004687582103916559,-0.9999890132266549
155,90.56930903487662,138.47873271854476,-0.7552594116750868,-0.6554259844377562
156,73.09076398845639,69.81618888684166,0.6031111960425722,-0.797657122583443
157,77.58172723992871,43.163704550076076,0.8594471743236906,-0.5112245637164003
158,51.96616997694677,9.626976373494466,0.8795916729998285,0.4757294281304896
159,6.714452984218076,167.2148467121988,0.10575557673221844,-0.9943921550324277
160,174.23245855587447,86.94462462693937,-0.9881671120565046,-0.15338108960985825
161,117.82503122013277,85.2336544004384,-0.3916737571840076,-0.9201041614585618
162,54.14202963427893,132.47119335657968,-0.11516640269292311,-0.9933462134073756
163,154.67714883320275,42.7307740062424,-0.2991727414004288,-0.95419896814184
164,72.76405343218156,167.25823214578958,-0.8662198166258563,-0.4996631157936995
165,162.53473665339078,22.083997039301885,-0.08052483146195133,-0.9967526029652616
166,27.16511282254835,76.06202834892827,0.9734706231966844,-0.2288120315303782
167,62.98270554911399,52.045208911895216,0.9061017801811306,-0.42305976404355217
168,90.5620903516148,5.110674622174367,0.9951026682807388,-0.09884674795133055
169,134.3813584718324,102.17700433450325,-0.8344476051331371,-0.5510872837287866
170,36.725980093110216,124.96883819327965,0.31407831878980236,-0.9493970769210169
171,43.02425211862854,82.18587004538335,0.8170430501171969,-0.5765766681502015
172,81.42089858317576,173.1531233044458,-0.9639749010431692,-0.26599321449768615
173,148.50015496726073,172.6062755877036,-0.6278757080751828,0.7783136226541894
174,38.074234532693495,86.54647819864432,0.8229310361957936,-0.568141276150323
175,43.911509682201746,113.11826592438754,0.3902527056030145,-0.9207077852226117
176,52.00151611003647,79.64786403424708,0.7472256106261774,-0.6645704528673663
177,42.58778027866154,92.93985787485595,0.7005651273132265,-0.7135884685115104
178,39.48797169375881,138.81047122778241,0.029693408258664702,-0.9995590535361001
179,2.054568596064239,137.82867794888818,0.6443472674975004,-0.7647330245703429
180,40.17444017840538,108.26904224261702,0.5233393698466265,-0.8521243477148953
181,72.29114554423494,129.6569547603507,-0.3737665776426693,-0.9275228004945681
182,64.85868886152102,100.88077994278079,0.2463314374260078,-0.9691856493652993
183,45.19811612496774,65.86131092947386,0.9332082259644545,-0.3593360641409037
184,41.478625247099046,114.25107108775995,0.4110419241109827,-0.91161644161519
185,96.59452550036484,130.18844554391148,-0.7287651400613884,-0.6847637334375303
186,30.587724534704734,67.30108677558829,0.9905362844507634,-0.13725111725037548
187,111.13361830034695,42.94786395199866,0.4370924987255148,-0.8994165595306136
188,72.29367527406343,158.74194831445956,-0.7775370904883142,-0.6288370797869406
189,88.94017914926711,83.74941951012461,0.12724467268306727,-0.991871359236559
190,107.38145031922453,48.07357323645835,0.41540742261872105,-0.9096354617280877
191,20.22989145214881,2.521521526703392,0.38673370404025403,0.9221914346594774
192,139.24479833358913,83.82727955025122,-0.682917860487067,-0.7304951716662929
193,96.11909017662236,33.71579701557001,0.7678936207224543,-0.6405773858432403
194,77.74777120175034,7.4905023988608015,0.9965485337440133,0.08301216713625273
195,101.47742313503691,178.22186234612826,-0.9857055701937621,0.16847708713350362
196,105.27197027357008,36.62159597895381,0.617124236244415,-0.786865729994481
197,60.88427289003293,14.86571550902353,0.9692308598669299,0.24615348927368802
198,166.7434933962004,65.14321883588416,-0.7867919007397661,-0.6172183608175521
199,87.82091553542037,35.21095997491629,0.8383674377205352,-0.545105530489193
200,78.89928734375812,115.24223505042734,-0.24431781641821665,-0.969695212208782
201,178.2142932941569,32.18961285577825,-0.5060925649675794,-0.862479168261203
202,139.61699043439225,101.80554614045548,-0.878171194931553,-0.4783464773493041
203,34.77095279924751,132.56887922533068,0.219167959689155,-0.9756871452702925
204,93.72901835954657,30.571076588203358,0.8260973606469567,-0.5635274179062914
205,148.97020025449163,27.773753747438377,0.05679814010537414,-0.9983856826299996
206,33.569662111334196,166.48428390894782,-0.34290474571977714,-0.9393701801541579
207,160.33258178967242,23.49833473602892,-0.06681229957530305,-0.9977655619560438
208,117.03008650415069,161.34838397372476,-0.9893271554326968,0.145711288249911
209,125.73548620892701,174.7682629753829,-0.8615959475142612,0.5075947431041841
210,166.6181783137271,172.2674782250884,-0.36023035300692113,0.9328633837666205
211,179.4556126339456,178.5482576239125,-0.03483198902927592,0.9993931821561844
212,129.7262717209987,79.68358326758623,-0.4910535968694648,-0.8711293618065925
213,137.39288819820217,83.56553176137156,-0.6555111570415435,-0.7551854891310193
214,176.18742325869516,100.60754845020512,-0.9929758954428191,0.11831682496387301
215,89.93850210352069,110.66536014202653,-0.3519047463501504,-0.9360358163533253
216,52.54320933165796,166.76438520395948,-0.6334834393134445,-0.7737562485147434
217,101.72840277924261,116.40893933750033,-0.6175486233586126,-0.7865327061145534
218,96.99617496213561,53.314208877807204,0.4953012362996941,-0.8687212932350598
219,151.46285765448062,80.17122101874736,-0.7840627680958615,-0.6206815412801119
220,39.724520716882324,15.656054495808473,0.8229438071582906,0.5681227774520381
221,50.575582307645796,19.368258210763457,0.9393569322926807,0.342941035389007
222,42.30125238976113,65.67263875069624,0.9511972321302025,-0.3085835795823259
223,142.43427660153327,31.64036740243994,0.1032327280778218,-0.9946572293275762
224,32.92923718356631,9.020199145856584,0.6684745186897427,0.7437350454715151
225,91.93240352673604,87.17946147864221,0.015500259114256763,-0.9998798637673383
226,174.8544103490563,89.20242301300055,-0.9946250909291219,-0.10354191660499638
227,69.62851625500008,54.91456811561991,0.8237000384915951,-0.5670257900562766
228,18.710884881473348,64.62334099790473,0.9932401661014282,0.11607744157590336
229,136.71748661510384,28.589531645790352,0.2536394603515961,-0.9672988287765839
230,62.85213831304956,63.03142754154932,0.8102097962738579,-0.586139988417335
231,77.06342522882018,47.17429342885119,0.8267103672946463,-0.5626277353699789
232,77.81422401408165,151.886097183606,-0.7626719555595248,-0.646785504014283
233,57.48037576406123,115.6203942036692,0.1201234976820274,-0.9927589562953517
234,135.20140003480654,44.72052859051898,0.0013626021179738905,-0.9999990716573032
235,79.30936184874797,149.28867558020977,-0.7500884170591791,-0.6613375587350646
236,164.22777318872386,170.71262339500623,-0.4235608430094459,0.9058676571492811
237,61.984927557264214,83.1518846753115,0.571618812187567,-0.820519307239796
238,146.7465702710685,139.42244030303712,-0.9604444424348261,0.2784716735972547
239,2.242137239259576,133.29226632174033,0.7004808628766959,-0.7136711853112185
240,35.56324501569458,21.83757477576951,0.8424601056857546,0.5387587310920792
241,75.0849962774817,72.19499055258429,0.5405342236202979,-0.8413220269880028
242,176.4910871328758,116.89110869632479,-0.9178779916646567,0.39686268710683353
243,11.323449524172524,127.32493627371429,0.6606781671758307,-0.750669274326041
244,53.44621245768133,140.51789799737548,-0.2413140639338221,-0.9704470735427786
245,166.63241213500953,116.05685691624922,-0.9755757019166483,0.2196634922554017
246,108.31062338249961,92.78853562108628,-0.35998311404335126,-0.9329588188144489
247,74.03812947145305,134.96831722916374,-0.4849080260209197,-0.8745651526904642
248,111.23924309321923,29.657033214427532,0.6307262418922679,-0.7760054173705595
249,179.25017370366382,88.17415952374017,-0.9989897451314125,-0.04493872630900283
250,153.31596376046113,16.270773559343635,0.1807468150154712,-0.983529658353912
251,54.32217975264377,24.43671553109589,0.9808155567436448,0.19493805079987356
252,60.08917528919479,121.01937137486725,-0.019346582123751743,-0.9998128373651385
253,60.50708477203111,25.444275493449894,0.9975044728982905,0.07060330408630838
254,98.6063484116782,179.05681936469662,-0.991069127106247,0.1333491105964402
255,119.21776870697414,115.31993876914207,-0.8144975140265315,-0.5801670446040521
256,25.83523398917814,176.14615740878835,-0.3743054416170379,-0.927305470907982
257,164.94446044029777,115.28088287852849,-0.9841171827985717,0.1775200566713592
258,111.13367892186709,132.69996420618816,-0.8975174598671373,-0.4409789215298636
259,43.494345530174776,41.06660835213156,0.9954976001836311,0.09478675027993831
260,58.73546331504998,128.29189170012856,-0.12234320585053399,-0.9924878538209996
261,73.79566939333921,86.56326032686279,0.3361267612285533,-0.9418167552055989
262,102.14111864116255,140.58989786284073,-0.8888653878422063,-0.4581684431474131
263,82.18159858879098,42.90500092790484,0.8182841787444693,-0.5748138853720302
264,68.72843554750779,174.53822579708475,-0.8931097921739063,-0.44983874791205125
265,95.17486518667573,47.78625338237751,0.6023568457746716,-0.7982269291049935
266,41.854931207937376,147.48831549298748,-0.16234865104996277,-0.9867334571718228
267,64.77135063188668,36.1000672825468,0.9820529210563576,-0.18860556790475633
268,66.22454237440229,46.50931537197267,0.9223098852654675,-0.38645112956439914
269,116.26559375322012,117.08132113993672,-0.8022647224444459,-0.5969684372905624
270,115.15737633236292,76.40045545624923,-0.20035692471280564,-0.9797229724364062
271,177.98591146962227,179.90247374979936,-0.036846287969806976,0.9993209449735586
272,90.29116487527102,74.76211382042929,0.2579207298591083,-0.9661660815351286
273,135.14582252766033,58.75939955129096,-0.24031651497861567,-0.9706945825688597
274,166.3885680055399,19.395107124359505,-0.10077282895407452,-0.9949094616821135
275,64.66038576181595,98.48645277983874,0.2899199141043899,-0.9570509095161569
276,66.94992185991096,4.97179443180753,0.9506334161773154,0.31031614209874253
277,82.13443692809811,46.626923062673896,0.7797603663924358,-0.6260780869855885
278,82.23990862518373,64.89371461286792,0.5426816371121731,-0.8399384743784819
279,107.42126224243005,87.44069562419573,-0.2564911009968916,-0.9665465923117221
280,93.0139268438139,107.23210674982994,-0.34605210821694066,-0.9382152942681178
281,138.88531501824914,67.13129430255447,-0.43863167737662634,-0.8986669302927349
282,4.630982119147085,67.92064550018938,0.9539875210944235,0.2998463099591468
283,60.48231912450952,14.707828847353257,0.966779450329566,0.255611999758349
284,149.99194793693357,45.80725467769538,-0.27226685582626353,-0.9622217827603368
285,62.42651686571834,140.91233932519106,-0.3961682729307491,-0.9181779236744192
286,133.6177860450726,7.1159365897262035,0.6329253030336934,-0.7742128652894547
287,174.80833382092175,140.27888236638526,-0.7060295976245509,0.7081823262960711
288,178.77876053846714,97.09168664759709,-0.9947557045618886,0.10227946148460444
289,85.54581175142457,38.074492698685,0.8327250777885467,-0.5536866847072077
290,160.0447438277929,59.240907112929655,-0.6331870535179533,-0.7739988083048013
291,7.696434063863151,68.55347163279085,0.9713416786038125,0.23768749106153597
292,145.36827298121068,91.98072342985172,-0.841972460004195,-0.5395205061853388
293,74.31225027329835,96.94340900984122,0.15202576189389058,-0.9883765313485454
294,100.41310364978739,21.672955300751454,0.84725119472671,-0.531192444443784
295,119.82544893942816,12.340119952334272,0.7412081237221803,-0.6712752917605751
296,4.714349572850873,59.26593733565556,0.8986431678497895,0.43868035843526787
297,27.87694814528981,30.310772533613726,0.8497797391580342,0.5271379277916771
298,33.00323719433671,95.80308537469968,0.7792688146772868,-0.6266898072184168
299,106.90968956795643,31.924007035634204,0.6582468384722855,-0.752802165008338
300,14.894125783144412,91.67854875424833,0.9584587157677236,-0.2852312924082596
301,171.43792352298138,177.6227364896543,-0.18976962330097338,0.9818286459826921
302,108.71913734688434,152.89015462377583,-0.9892960110390864,-0.14592259092461307
303,53.71653639277762,116.04022083249995,0.177827490580782,-0.9840616767224206
304,1.5222695303882872,80.9357361694306,0.9913489273692717,0.1312528255078513
305,159.47154187240173,109.90642811247311,-0.9999410690887354,-0.010856258548734723
306,6.503378489254534,120.3854265549744,0.7998019586316747,-0.6002639644097727
307,73.90951846453191,120.63127279540889,-0.25106920530828836,-0.9679691390462118
308,84.93676710868286,153.0683180311429,-0.8480951244402619,-0.5298439958144819
309,114.39072627881059,134.95549306966888,-0.9357288674566283,-0.35272012504014516
310,141.79950918273516,158.41900777674357,-0.8641121898739734,0.5032992383375978
311,33.96300610113693,98.30275657418699,0.740033124252551,-0.6725704238286192
312,19.741596325802067,88.45828984490582,0.9499726720372901,-0.3123330312060052
313,167.49812542664432,20.244360133154967,-0.13472097534467378,-0.9908835747968475
314,20.476143933244654,21.965577970960602,0.6748399405666266,0.7379641282718503
315,132.123909888044,65.86813519455575,-0.30888494718546794,-0.9510994108936408
316,9.341497148360142,73.71373219064739,0.9926631644823466,0.12091253814180587
317,155.79341850486446,171.77148020764676,-0.536343957575971,0.8439995018788489
318,80.46303287811728,157.3927106994268,-0.8467112056691691,-0.5320527550856794
319,112.98786241666541,0.8512138650881385,0.9146842332430326,-0.4041692138901793
320,68.26269616254503,70.6240762812901,0.6575491992397875,-0.7534116076747918
321,35.67364353478953,146.48597182189428,-0.03768347414674972,-0.9992897256432847
322,91.16663627505761,34.78450050715284,0.8095179775013178,-0.5870950894890672
323,36.42158648400945,54.340904951701674,0.999911450060241,-0.013307593261977184
324,23.29864902085331,140.33378406436978,0.28179837841236743,-0.9594736442050715
325,178.5800952701418,67.26706821261779,-0.9124572385624568,-0.40917207602056116
326,97.44797008537519,31.93851617932776,0.7728832590178557,-0.6345482392457946
327,155.65531794665432,120.52868753137915,-0.9941810740192583,0.10772182723066871
328,129.2706234407425,49.61487368719125,0.019450518003061194,-0.9998108207803177
329,105.17990110825903,70.00470433227247,0.08394558373953494,-0.9964703402362906
330,116.16994942481116,103.50756756494555,-0.6384658539938521,-0.7696501499278104
331,146.32068244475678,111.86109431456087,-0.9788022981476951,-0.20480737569919322
332,17.341734661921052,6.127837095146431,0.398261986849236,0.9172717099261805
333,153.15487696459843,176.51221522200626,-0.5050234315413414,0.8631056329292539
334,165.5110991381428,8.059474215472608,0.11197930860363506,-0.9937105385597216
335,56.74369209076643,110.07544244069764,0.22802572041266211,-0.9736551087681338
336,130.9611134326309,129.52956530338636,-0.9862587374272614,-0.16520805927188936
337,101.16312324862565,35.52106438836231,0.6860191759300134,-0.7275834593064258
338,55.453648804804054,153.98986667433653,-0.49156528874112315,-0.8708407241883307
339,110.16952667691626,144.25607222339718,-0.9632826200295869,-0.2684894671098562
340,117.17599119076296,106.51996364179719,-0.6908313667968542,-0.7230159214357526
341,169.65678839025756,65.83428809330618,-0.824037963833579,-0.5665345833759924
342,65.35156267196206,4.383520347837216,0.9381011924062815,0.3463613038517911
343,154.13776949110212,72.75313404848573,-0.7300537886988905,-0.6833896879573147
344,78.00964702248318,63.55129390058498,0.6216818871758285,-0.7832698329167928
345,124.234994189996,79.55185281819512,-0.403335244822351,-0.9150522828145363
346,19.344229176952044,78.93059015482397,0.9895891359717238,-0.14392130477013176
347,69.14773935847832,45.062998354712086,0.9120432771149071,-0.4100939656584828
348,45.289518358493986,12.408363207299129,0.8452420756863459,0.5343836014413593
349,65.7260842054463,162.79117306336317,-0.7491552654281574,-0.6623944355754109
350,116.19566607535862,140.10546419313917,-0.9715537918926208,-0.2368189803606754
351,26.653289632525652,94.99782168454892,0.8512591680449737,-0.524745489565541
352,63.300467604909834,161.46216867376162,-0.7041713349309752,-0.7100300916591693
353,55.235051340935286,140.51883571398383,-0.2715057440385734,-0.9624368192011674
354,55.8032568032175,45.298850166623495,0.981285583610475,-0.19255805202133064
355,63.77716243448457,59.80386783844037,0.8331044142516639,-0.5531157518588601
356,65.80763066438809,37.39189083620777,0.9735808098863982,-0.22834273936550978
357,26.61634486419323,69.06357804782975,0.995090311631609,-0.09897106494782816
358,123.70820921495391,79.25821044005302,-0.39019156494665463,-0.9207336980063674
359,155.4130802061759,2.3779509539428556,0.37798571406841247,-0.9258114278621713
360,101.45010593916203,115.54024267741407,-0.6016804857261517,-0.7987368735048747
361,65.72709342564602,157.9191767860015,-0.6902041364869779,-0.7236147110004503
362,30.89302632682195,93.81928279272209,0.8220217210839125,-0.5694561353311091
363,79.68342096593801,153.34608706751118,-0.7989453462824729,-0.6014036362157943
364,85.18231386346483,35.31700311352949,0.8616352107452878,-0.5075280914431471
365,5.357891835581768,162.34161878583117,0.21303873147494654,-0.9770437548500812
366,111.11136071057274,67.9384984841348,0.016582325365805846,-0.9998625037901274
367,110.8526082544323,25.347370709699742,0.6921434388611324,-0.7217599739812993
368,79.56680814263912,123.43781243529224,-0.39080536068657246,-0.9204733402215612
369,176.99888982956156,164.98483127440343,-0.30928719639415586,0.9509686798978413
370,157.0923637158843,114.04476844239414,-0.9998030607102593,0.019845397310148113
371,162.79162566425907,40.09305112883883,-0.38887757402245254,-0.9212894400905787
372,100.12571990096394,159.34333749183267,-0.9831563478195752,-0.18276650607284264
373,18.221614030515678,125.3562860567895,0.5937293030623199,-0.8046648461845043
374,106.23545006225488,107.77839555935745,-0.5593932254672195,-0.828902418443438
375,43.2509579388178,9.094328221401922,0.7917066322185414,0.6109014720077005
376,91.96574479252133,89.4336397670529,-0.024421439895900524,-0.9997017521608187
377,172.68524534034844,120.87875980114893,-0.916614059504779,0.3997732681385404
378,23.442502276831522,53.544177422106586,0.9743177411332253,0.225177572846519
379,170.79762315843897,17.898486797804992,-0.1511937070239277,-0.988504154243351
380,46.40540695024977,85.94361141035125,0.7390550407700927,-0.6736450450439881
381,140.31513971716225,151.4738966201545,-0.9285568718644382,0.3711901611213977
382,135.06259543651313,117.5413909301553,-0.9542611320366324,-0.29897440004817255
383,35.10191262551694,89.42570299590639,0.8238530944358324,-0.5668033863594177
384,179.73831344407756,175.42974986562433,-0.08423327582064317,0.9964460623859795
385,85.83474074489853,108.32628228051674,-0.24464783824111752,-0.9696120024236231
386,2.822110358551979,62.10320561556983,0.9057561418939744,0.42379925840112387
387,130.76703588021599,123.84648592478774,-0.9641580486339363,-0.26532858356083705
388,84.2359854428747,157.89636716044794,-0.8840297101759685,-0.46743071307541734
389,136.24364856662788,111.6261516115392,-0.9263301995128872,-0.37671257142603365
390,157.13538446265554,18.174931797659728,0.08175906004144787,-0.996652123913424
391,171.55149958226252,3.5662219288112684,0.08510875073507777,-0.9963716678771604
392,171.26975667088442,5.324721745360543,0.0594025734894099,-0.998234107944041
393,10.078473739389134,14.924922600066333,0.42267198448220455,0.9062827337723449
394,83.27544517037076,92.51120192828095,0.07347062136314166,-0.9972973818257591
395,111.11228135582823,50.52332790401535,0.315059250694046,-0.9490720038817425
396,163.69785168910906,13.976851503722825,0.04057294549735286,-0.9991765790357923
397,39.44304990465675,76.26289360625518,0.9010320313543307,-0.433752554428776
398,95.66676163863785,160.74792999147928,-0.9720212631347427,-0.23489287774204515
399,43.46737362591903,42.28592897052027,0.9972544551437497,0.07405100739316806
400,22.247313033330617,76.8922947236758,0.9873042384077813,-0.15884061452295808
401,29.00139888555287,36.750771926382164,0.9117776041628692,0.41068430764641844
402,123.441257940245,8.954557015646593,0.7385045915897017,-0.674248446939945
403,125.89457906469593,169.3961957241012,-0.9041513469635474,0.42721229123704185
404,45.64060656229594,91.90396045649143,0.6750165185950523,-0.7378026156254907
405,56.972314043679596,31.760114196232724,0.9997552897638201,0.022121496090006264
406,170.13911610305743,147.88877679416248,-0.6687687471674311,0.7434704855016807
407,156.42450361125253,155.78280689449542,-0.7407188838179444,0.6718151048878691
408,93.82142702560085,112.18814984952148,-0.4385213722945621,-0.8987207608823188
409,141.1248848119303,149.34223341920276,-0.936873017299052,0.34966977200920607
410,130.35443743540353,72.66256492751928,-0.3910042685319744,-0.9203888645511611
411,42.375932644620065,109.32074394336969,0.4741392798823325,-0.8804498527870075
412,76.7181024015259,134.51534139903347,-0.518526201007527,-0.8550617397993561
413,144.2571751884858,103.30562998816433,-0.9242984585478246,-0.38167048553184657
414,85.63999207331325,135.085316585833,-0.652433222869954,-0.7578462177087941
415,171.1460920772761,150.50762477170576,-0.6204127666657285,0.7842754611475335
416,89.40913441931565,117.2280182011049,-0.4483387950600202,-0.8938637059664797
417,22.46483803073453,48.30674469513609,0.9442131444555747,0.32933499333857
418,79.80738271913926,16.671252873304297,0.99361399773299,-0.1128327235737304
419,81.12826214001107,63.64522266983871,0.5768104105979798,-0.8168780510123833
420,157.87983357109172,65.23408132101699,-0.6834510812375958,-0.729996314754507
421,28.079581817604453,18.602125030852473,0.7275537554156049,0.6860506781431311
422,70.51666776973396,119.18279040738551,-0.1684800581607188,-0.985705062380305
423,107.01306764750883,19.280854395314627,0.8059910786876361,-0.5919276823024422
424,101.64298140604926,52.607679665028556,0.4344348652391002,-0.9007032518341903
425,62.41099894223138,20.104142451464714,0.9914793205414374,0.130264181334278
426,116.16659030881267,7.8329736683596485,0.8290418280080197,-0.559186594450476
427,113.8588818704866,53.62358586433106,0.21673834623207247,-0.9762297318114145
428,112.37053149563289,74.85380637008558,-0.12575464864933866,-0.9920613732743965
429,67.5420280306662,141.25920126674902,-0.48177247540248586,-0.8762963436786446
430,163.48736488755733,33.86270337943353,-0.29820908398824114,-0.9545005721459229
431,119.2613392092319,103.62843770297204,-0.6805901530277635,-0.7326643457966584
432,130.55921448817102,67.0420079103222,-0.30239022688869116,-0.9531842165511375
433,106.562384294797,100.66569907803364,-0.45753381718621833,-0.8891922211372568
434,128.63818669456586,41.681662568051784,0.16814788729274738,-0.985761780552982
435,134.13694221277544,135.4941987163688,-0.9999792774032739,-0.006437760792871326
436,8.236906448241086,57.08179997104008,0.908644557942305,0.41757043396513743
437,10.99039269509114,95.79514418658825,0.9573924270484228,-0.28879013250166724
438,68.0596807940954,165.563848998739,-0.8051374302086889,-0.5930882889393018
439,50.74408903147435,140.903020129437,-0.20188326962037267,-0.9794095902365813
440,17.196557686611655,49.06020369741941,0.9153590002438753,0.40263867259930847
441,42.63531651676561,104.32544672005926,0.5452132378447196,-0.8382973966790528
442,115.55589744364613,2.740428309288141,0.8805077538893488,-0.47403174507698753
443,94.81584754020076,177.40837929766425,-0.9992465952531736,0.038810332064286995
444,175.7370810233643,99.3215755841432,-0.9961049502958877,0.08817555214472407
445,97.77319508852982,65.50648369489245,0.28770021472010954,-0.9577205158343445
446,11.58356221147268,171.05040188026072,-0.04595515512159999,-0.9989435037667294
447,138.1860991534741,35.41418560498985,0.11146399320545228,-0.9937684731458807
448,13.279979873221105,61.561361236090065,0.9652054228333714,0.261492813922396
449,122.87010622107536,101.99614444427635,-0.7054542098665332,-0.7087554992954801
450,87.9377591191366,41.46904680683042,0.7726581710634254,-0.6348222985126802
451,155.39957117196235,87.11131810748552,-0.8870985742272234,-0.46158002513543356
452,38.23180227627415,158.98625399147954,-0.29600908304188067,-0.9551851248615134
453,165.01734835599822,16.63657026092118,-0.028862316710418633,-0.9995833965578398
454,48.580428792692445,79.32696611024664,0.7890047952950616,-0.614387038438636
455,173.70867629834342,107.3052378606795,-0.9815808169408791,0.19104737583561937
456,104.07045125456372,112.7598088360391,-0.5994464117884327,-0.8004148920366067
457,176.8383835682494,147.96624605841055,-0.576366287159428,0.8171914726831502
458,168.32756403805092,55.05247461840666,-0.686834336913225,-0.7268140020919867
459,137.93695937581063,119.80379181932113,-0.9771968435661877,-0.21233541608568202
460,161.45435927283927,154.11593508899165,-0.7000336728187773,0.7141098353333701
461,174.01489150102844,1.3054430842698106,0.08158479142138024,-0.9966664044748021
462,98.22268127405322,100.16354675608002,-0.3154209500919454,-0.9489518555981091
463,68.15597184585883,73.22213621776261,0.624178159481984,-0.7812820394874588
464,92.52181985253537,144.12778519301372,-0.8353241407843179,-0.5497577464874333
465,127.45885465539682,11.928550429411075,0.6509411066396464,-0.7591282340202823
466,166.37145405133694,123.1359648255243,-0.9425982606001504,0.33392891326384266
467,177.4127224511905,79.53380967492292,-0.9741597183792374,-0.22586022909597148
468,115.23046985538215,164.8288946785592,-0.9846273064217702,0.17466845006643142
469,78.93843262066217,135.86720308026358,-0.5707943344216391,-0.8210930688978918
470,109.10728364443835,142.22517511500493,-0.9473917569174786,-0.32007633296576804
471,30.2266424752723,160.24669150001353,-0.18177788917458962,-0.9833396152943451
472,8.117522104778828,126.46547719853673,0.7122343561864226,-0.7019417510504073
473,175.18469951593784,106.07742725626359,-0.980743967158767,0.19529790291163737
474,173.78325018223575,35.683847188403526,-0.4919236691581423,-0.8706383311812033
475,73.49451735971243,24.278180593817197,0.9908123978975463,-0.13524345519290168
476,152.91567145166582,177.87272824336097,-0.4880363840114553,0.8728232855973902
477,112.53219505059457,138.085324457794,-0.9433241797922444,-0.33187270423957643
478,13.350553860106647,51.54510840663166,0.9055366812416655,0.42426798008549993
479,75.89199518699783,29.221537121860415,0.9654110771252918,-0.26073252993016377
480,6.820435305592167,82.19709402958429,0.9998529878321426,0.01714650760759633
481,5.8855261048589025,86.3087465001817,0.9992667487364247,-0.03828792067656541
482,89.94875255653861,174.98825685440235,-0.9960982776491977,-0.08825089950987368
483,62.29859898481048,74.99557981523489,0.6782343330334102,-0.7348456909411154
484,179.1226799794291,139.28823385357737,-0.6637837582931635,0.7479245431366743
485,172.19223074030108,149.81936580721555,-0.6155019709663849,0.7881353460773698
486,57.42658719206168,155.6398214252137,-0.5456107292673685,-0.8380387414125496
487,24.798503518196846,17.62410875190821,0.6745937727878596,0.7381891639111493
488,67.95671021965715,53.118174493906686,0.85649342184224,-0.5161579393373416
489,179.52079705016604,177.89711333800238,-0.04505071246913785,0.9989847012372227
490,46.31000896884182,43.932776221636324,0.9999910222300324,-0.004237388268113907
491,53.48735801762205,116.55215454953212,0.1729689889801552,-0.9849272708434785
492,55.36576971552382,4.476937852429204,0.864649506691402,0.5023755871639418
493,178.9338073337997,124.06017284593268,-0.8387277861891347,0.5445509165121964
494,146.99085566995157,23.06347263524697,0.1727142973478905,-0.9849719648252048
495,109.56550172888036,172.93911968500143,-0.9762785461654796,0.21651836018457526
496,131.37385764564735,79.95734412224482,-0.5199843505280529,-0.8541757870637161
497,88.71286969361336,168.3709363525062,-0.9746980563332915,-0.22352561146343747
498,15.048043920729095,46.50544226847625,0.8792621622034731,0.47633816781491845
499,125.32557872840219,173.2347229300924,-0.8783144343372147,0.4780834178623001
500,118.1379556131592,20.86687127174242,0.6559954461281251,-0.7547648472598351
501,41.5295839350989,91.8738686069006,0.7265332669777518,-0.6871312916573039
502,136.28607001757294,115.64680500518944,-0.950693834263956,-0.31013099408556016
503,89.74991838811201,3.2297934173169174,0.9986480040901979,-0.0519823424507213
504,116.16382245820358,68.5820242087171,-0.0827359669219826,-0.9965715025915023
505,122.60623060654825,95.30498906812082,-0.6144397069741889,-0.7889637802164766
506,10.881285650962905,159.02541271920458,0.1752516279916361,-0.9845236751273588
507,179.97160222642353,69.42427303518073,-0.9360342041396004,-0.3519090346676893
508,135.633759249467,133.44080020208915,-0.999869559532596,-0.016151282304892867
509,156.8920124484634,124.70574549476623,-0.9795831172843098,0.20103958896584057
510,90.88552814708709,83.64181392194862,0.09537072947203262,-0.9954418234934538
511,117.52231794745259,178.13991057673647,-0.9013627094480706,0.43306496743148476
512,111.33154106090682,114.58398300368607,-0.7183148262181523,-0.6957181975736912
513,33.73162747599881,45.31825616991307,0.981792936161308,0.18995428529979996
514,11.414134186956701,77.46623848743876,0.9998090771546073,0.01953993959183338
515,76.02657630124799,165.75145566294646,-0.8811222044494383,-0.47288863469760206
516,160.65374318687338,178.38272779270002,-0.3577736169357306,0.9338083524068121
517,113.42643106900717,43.028221388472105,0.39947476392388315,-0.9167441916848766
518,80.7218469419417,34.878942488106595,0.9018265729757162,-0.43209817434800063
519,175.12858411867126,127.82094012437561,-0.8391500520790055,0.5438999817023369
520,123.28158238437959,175.04782136662251,-0.8802339391728511,0.4745400007673172
521,92.0070877544906,89.27816443798973,-0.022430001277188732,-0.9997484158740665
522,149.97059037612033,102.55897062424424,-0.9538719689899146,-0.30021370184470825
523,65.43323125661918,42.89605590926264,0.9492648540246188,-0.3144777208541476
524,176.81731693754622,156.0168618972154,-0.4565672793643332,0.8896888891145325
525,167.34391216005488,55.06274254961187,-0.6743881521083169,-0.7383770177192202
526,36.81441561092187,143.89028128642758,-0.012298970999560375,-0.9999243647958339
527,179.2045817418519,4.288333549344159,-0.06092511820825502,-0.9981423395344524
528,158.9749521550677,163.21695567097922,-0.6130186451453645,0.7900684405190107
529,141.0697702662191,89.61251230399758,-0.7736443139575879,-0.6336201350028999
530,30.66594816647291,115.04706476308539,0.5633384122275473,-0.8262262603602877
531,124.03158113137933,39.545750151047216,0.28272098132177365,-0.9592021928250859
532,21.540747518965155,48.7097811248745,0.9411791330304453,0.33790803415731213
533,24.39902638844458,150.38901602217018,0.09084041860472628,-0.9958654619715045
534,103.75140605325518,27.113140802700265,0.7562584610943381,-0.654272985857756
535,129.6289508020749,105.84712786739757,-0.8238896388111054,-0.5667502651606846
536,10.770926460373332,59.64813291952402,0.9421689882700239,0.33513817679017044
537,179.3886874636043,77.77545704497777,-0.9750105191222419,-0.22215869913414693
538,92.96462171773601,9.509096213573095,0.976395187122883,-0.21599175577616458
539,26.038386520271487,131.3919670211973,0.3838061803819114,-0.9234136753918298
540,57.74655118697371,59.927929191195894,0.8856005792337772,-0.46444764404698874
541,89.08398341135606,103.61696910251158,-0.21986242209956644,-0.9755308889771312
542,113.15493025823065,111.48110007039577,-0.7026006701914929,-0.7115843577865277
543,155.47847685565674,82.52842970946624,-0.8481119676826789,-0.5298170347142629
544,73.03552082087644,113.80847641398822,-0.11916642816989918,-0.9928742933509903
545,57.28513329727638,139.674470910996,-0.2916973994188705,-0.9565106518864638
546,8.456384052375544,49.52919043556935,0.8479146500849575,0.5301327627786309
547,38.567378789625266,2.3202827147651495,0.6545780274779053,0.755994448354705
548,170.14440347119205,87.29857164533227,-0.9760801073311461,-0.2174111866312728
549,175.72047310366787,50.06747736423742,-0.7167639751822517,-0.6973158566108594
550,122.74644517932622,25.789842270644293,0.5219584526943297,-0.852970910207928
551,11.741132182790173,88.79769928347592,0.9831311740081228,-0.18290187176026998
552,112.01580743472822,98.04577884956703,-0.5009305873380114,-0.8654874618786773
553,62.477826267827545,34.40901823478458,0.9927848999889066,-0.11990889188887006
554,25.642974611234738,154.63109325696507,-0.0047833684327531914,-0.9999885596277772
555,154.7379123675648,139.91977605352002,-0.9088165147296339,0.41719604810530175
556,67.88668924897644,16.542638995860443,0.9952772197889813,0.09707345553299228
557,109.6427632527314,136.72315425144504,-0.9161244191190406,-0.4008940616843812
558,115.74882401687658,71.06494127239291,-0.1186425244733107,-0.992937032941465
559,118.65654455849747,177.61468623414146,-0.896708791112822,0.4426209935610616
560,166.16009866331967,160.73738626632368,-0.5461387332057344,0.8376947439804285
561,70.11273826008959,75.92880241193416,0.5585916864871474,-0.8294427815030065
562,76.10120566800062,109.82517355145771,-0.10325049126472334,-0.9946553855751213
563,3.498667198802561,97.3443983144185,0.9821461309134862,-0.18811958306266013
564,82.73002800871534,62.06874420169795,0.5764498266116167,-0.8171325457962356
565,96.35508526004455,167.2128136307252,-0.9937053104865593,-0.1120256930833758
566,41.821349629265654,71.5370128295253,0.9180429955325947,-0.39648084235375136
567,109.36073629312696,12.318508245302766,0.8510014063014462,-0.5251634093051047
568,157.59817586135125,22.24867426521589,0.0026729663574601636,-0.999996427619045
569,95.51656688869994,41.283534136746866,0.6845458205906957,-0.7289698344319955
570,62.4686579282787,100.7435057696069,0.288828554779961,-0.9573808364197182
571,141.66535510976817,111.14806549145815,-0.9553476007003083,-0.29548428356879514
572,4.914259455122045,102.2528396402691,0.9554480087877946,-0.29515945267505556
573,111.35614334763358,48.81043888279231,0.33928663140799403,-0.9406830400022188
574,156.282961874755,177.28138401423078,-0.44519247803327205,0.895434898528416
575,118.3406679398279,149.383237763517,-0.9992110524598566,-0.03971489194327068
576,87.05680326620511,157.81114539042812,-0.9053313595524282,-0.42470593286526165
577,6.241727904553132,38.40454330264061,0.7027278454562839,0.7114587656501037
578,71.92751079969362,56.488355926898954,0.7835214149223009,-0.6213647820388243
579,14.293072249930809,169.35211693072938,-0.0635776435878917,-0.9979768951412707
580,97.39651724888347,81.05485218440809,0.027025411433187926,-0.9996347468635066
581,118.30678954765199,9.268445434610701,0.7925532930523692,-0.6098026546939964
582,129.7735290350137,116.9627974917749,-0.9186969794985745,-0.39496311202464934
583,163.28447015353268,73.75421641550132,-0.8390381213768703,-0.5440726338241726
584,18.335954924627885,93.39021466755408,0.9289635944386596,-0.37017109585650465
585,144.23337349313047,42.89734796870812,-0.12413353806408128,-0.9922655212833373
586,175.4411156515662,61.776708405024635,-0.840735081999872,-0.5414466934931531
587,20.63342800631251,147.46903566576816,0.20616211011273916,-0.9785178508100212
588,43.72632099619303,141.46744474390104,-0.09052421911154371,-0.9958942543032595
589,16.386172413333444,167.14709977760901,-0.06162815535021598,-0.9980991786732066
590,107.48515895474728,81.56792986472387,-0.15734956478031029,-0.9875429684137531
591,24.249622433052306,161.79023043086747,-0.10522019124704508,-0.9944489485910954
592,35.26604807630434,133.2335665487234,0.19937452544712472,-0.979923363637552
593,157.10052907405742,138.1729645119508,-0.9042801589957392,0.4269395672066956
594,41.08893739725419,123.94688590556983,0.25821506432190267,-0.9660874600972914
595,111.24456369985833,84.32679399487397,-0.268438299627305,-0.9632968801429813
596,77.97507014445269,91.53203981206545,0.1821135098729733,-0.9832775139917247
597,127.3975269780021,93.43428757622232,-0.6538408389126522,-0.7566321149475478
598,124.4598014814119,117.34741746901194,-0.8813629838450034,-0.4724397217718174
599,158.74158460039504,23.81304240756197,-0.044571881099448346,-0.9990061798684013
600,16.45818476476971,177.95083645047043,-0.24884238741172165,-0.9685439929230033
601,92.49469636390002,140.8278798089027,-0.8020110633652762,-0.5973091780976573
602,114.01187403494592,124.07934205190463,-0.8488906637196936,-0.5285684828378799
603,12.277785808220568,30.076443666723872,0.6737122601287938,0.7389937689535362
604,90.91663062734428,51.29762947797127,0.6127103763179752,-0.7903075317572807
605,40.13818566209862,168.19966208921215,-0.4746697206249069,-0.8801639939930926
606,159.14646535985676,140.60155914674544,-0.8682159229545011,0.49618656887129037
607,32.105986770412514,24.63114440874549,0.8361629862891564,0.5484810483143425
608,159.57016649547637,103.21225490364243,-0.9920762018262559,-0.1256376128792251
609,105.65591139900866,170.8475513557625,-0.9935650122591947,0.11326326153871
610,14.294517983371353,72.57693964610152,0.9985096066162179,0.05457623562619401
611,98.66387907402999,33.707716956051286,0.7387895304212428,-0.6739362208250567
612,129.6925515408354,4.748320190527522,0.7139733956473151,-0.7001728288842995
613,107.26687658564222,105.02322844109283,-0.5342063648192706,-0.845354103193792
614,110.57042397145109,1.064257130746571,0.9295534899938679,-0.36868727838131365
615,82.8524395649053,34.96669964933584,0.8844251329970796,-0.4666821017813925
616,83.92999395642512,9.544677048927937,0.9981616888819855,-0.060607283788850635
617,135.62324966633642,49.10165937575782,-0.08237178379255233,-0.9966016702950247
618,92.43983903269381,20.144897175086058,0.923312561943605,-0.38404936265685513
619,142.45603757957915,32.61810879229915,0.08586649624516435,-0.9963066520015709
620,18.797968000980056,126.803888760374,0.5649402640059711,-0.8251318065041874
621,179.07224593877237,29.009227849471408,-0.4707266267080364,-0.8822791184812622
622,11.91737733873649,176.92592299936183,-0.1537326297862542,-0.9881124827361522
623,53.12722893904163,108.95408645287911,0.3076669239328309,-0.95149412185137
624,150.750897572021,158.10805217417052,-0.7786928604677653,0.627405314813741
625,67.54704269141644,1.7969056728578647,0.9357148862532425,0.352757213454355
626,27.372667563558814,66.64311476084647,0.9975447977486099,-0.07003125362782528
627,70.69284634538315,93.51937390922336,0.2720750154561245,-0.9622760445758534
628,102.55801783142873,8.54341122350604,0.9329445555979415,-0.36002007746813136
629,15.694256284227937,15.133966179749684,0.5124659048369985,0.858707573263213
630,139.61626281990058,136.99144202127502,-0.9933573004629117,0.11507073310375861
631,50.995698325817436,121.42139960954819,0.1319605905221677,-0.9912549634423229
632,64.911688091185,100.46378504253646,0.2524835868236189,-0.967601177337378
633,28.352138101585794,115.65388121007558,0.5877002563065612,-0.8090787407522226
634,137.92138308481643,172.96119243949914,-0.7560525503680743,0.6545109174658056
635,111.12922013692868,144.56106802206105,-0.9689738502640848,-0.2471632608305592
636,38.49300618945001,176.010585901085,-0.5664579034197674,-0.8240906768391943
637,158.65442001580413,86.81910358713777,-0.9097695438553348,-0.41511369174390783
638,83.76478675651893,113.4990636383185,-0.29677242804821957,-0.9549482320787679
639,75.24966760396072,45.04894123912178,0.8634078004185047,-0.5045066601904077
640,58.67482735557616,1.4352448222849135,0.8669843660292695,0.4983353379611218
641,174.93478826029357,101.90727863943879,-0.9928783075883274,0.11913297746862034
642,81.03339187440531,56.64516559469101,0.6732892679585333,-0.7393791731255772
643,44.91153925241138,144.850760762096,-0.1695610749324311,-0.9855196811163938
644,3.2073342963523666,57.122497760561366,0.8688893659694232,0.49500633299509783
645,67.99728400650697,65.59182627188781,0.7243029184795058,-0.6894818940929998
646,87.1769077096866,48.86249915117399,0.6941634590506544,-0.7198174019283159
647,49.72946816537505,92.77627885352842,0.6086818491140832,-0.7934143977513015
648,156.50870452767353,26.22629329085581,-0.047716590953584166,-0.9988609147162423
649,150.33078437784056,109.64205190517173,-0.9847253163807284,-0.17411505184467668
650,74.11223646321223,91.98119842381251,0.24033926834857655,-0.9706889491951946
651,164.20865665382794,48.080113832940725,-0.5341866745881816,-0.8453665457613166
652,118.365470272243,10.168670163574461,0.7822370844937134,-0.6229808533516701
653,172.432431548207,108.527727651418,-0.9817596257554407,0.19012637175451755
654,94.73140093191101,80.75081225273213,0.07876857345539774,-0.9968929289727165
655,88.21132477556016,96.80428596509917,-0.08742716154444881,-0.996170914765273
656,23.434828455379122,33.28940588629583,0.8360395062593075,0.5486692482486087
657,74.78706614220056,162.64719746519384,-0.8427744381549185,-0.5382668914141584
658,159.33434870612717,127.84333691532221,-0.955393455944509,0.29533598551210727
659,93.72288596294842,19.9065149199152,0.916157172938343,-0.4008192042225811
660,36.501344887747635,154.51400431779726,-0.19107196073028085,-0.9815760316056449
661,72.90497442189404,84.45238161949345,0.38498234073384846,-0.9229239390779107
662,33.60286702068632,176.56752826014161,-0.5025733088645182,-0.8645345968883892
663,127.65304818972174,58.929404003934934,-0.11463290781308645,-0.9934079204668727
664,45.85306768520861,66.74538201549198,0.9232206149714477,-0.38427034245663805
665,24.101343387815998,34.64470271702469,0.8548760688787764,0.5188322531014908
666,60.334233109853095,131.64906917161002,-0.20762662027497106,-0.978208150933733
667,0.7465063462390686,103.57931458272117,0.9689043203787242,-0.2474356844746582
668,47.68994534691032,60.31594918783784,0.9510247198906859,-0.3091148365200906
669,118.25738123319802,5.543336151826477,0.830977503981611,-0.5563060199894404
670,128.91702355707957,59.01301757512843,-0.13796386774249492,-0.990437262625721
671,4.684015997625974,39.68318720053062,0.6992542530499121,0.7148730583758276
672,172.22860367407225,129.9393656196235,-0.8464909337219299,0.5324031359097873
673,123.11374614453246,99.41621522437374,-0.6759756556371168,-0.7369239533262371
674,21.12086820815684,36.73341111099384,0.8466976081832599,0.5320743935736307
675,173.76939862970303,87.61815715832556,-0.98872387977532,-0.14975009035736403
676,62.01447087578238,50.76571511906696,0.9219971069583697,-0.3871967649146834
677,165.15133553005305,31.5905203661829,-0.2880601546651048,-0.9576123157595228
678,118.75660502679966,128.303177419377,-0.9209120413716723,-0.3897704607286952
679,51.82160741795354,139.62151262637718,-0.19839502342889223,-0.9801221427345927
680,30.51420092001591,144.12703044628725,0.09339185962869849,-0.9956294293335716
681,29.092532327527017,116.63753786159187,0.5630924152969344,-0.8263939325981676
682,0.9264270575602462,44.40933990169973,0.7112384303379808,0.7029508483602286
683,115.63118352945895,55.69546381516747,0.15080107131206533,-0.9885641288713309
684,36.54739449425046,79.63001909442453,0.8974323447585018,-0.4411521127471314
685,156.28633766644342,92.78946955721526,-0.9340537607080781,-0.3571324293691297
686,88.69778122262059,145.87086218269314,-0.814810647096276,-0.5797271853023178
687,148.19350375842652,123.32303728160139,-0.9996497261473003,0.026465543894419147
688,38.76675739687914,174.88116449773372,-0.5540880066296932,-0.8324580955874795
689,159.1183819378861,97.34042208853172,-0.9722018205977447,-0.23414444265544826
690,29.525371998487774,73.79795965929257,0.973085112560961,-0.23044601040638962
691,156.03443293346643,96.71586433592374,-0.9550214829997707,-0.2965366200133107
692,60.342309883975666,86.54803162381704,0.5462431695843658,-0.8376266469510302
693,90.92151818854533,112.51810275334465,-0.39778243753289844,-0.9174797721968511
694,134.69096935627346,168.389011379901,-0.8379094746357393,0.5458092270341894
695,95.37362081989106,31.880501141311008,0.7959584545389874,-0.6053512522890382
696,41.421490050008885,47.01263200662355,0.999626566288392,0.027326323764440025
697,54.35959734160698,19.415410057215155,0.9601718975143005,0.2794099626423287
698,33.67427191286566,42.67227913366342,0.9717412229731446,0.2360487144100924
699,30.452015561986578,131.64703151809394,0.30737244428536714,-0.9515892919185456
700,112.50519640147509,154.5250623580171,-0.9986570348942125,-0.051808557751586645
701,69.55356908054029,55.23472760101314,0.8212657667779328,-0.5705458266595718
702,150.96275905500255,121.80809963660451,-0.9988308537201704,0.048341758931956684
703,161.3831860460676,174.84477582576534,-0.4030987235404914,0.9151564997747798
704,50.207389979106125,69.69083109493857,0.8669122256224668,-0.498460824003553
705,102.4776237737651,43.16339341236334,0.5643761723713915,-0.8255177381858112
706,35.89218885163787,118.0790446860306,0.43882234858029046,-0.8985738402526963
707,81.72806490621625,158.11833432552115,-0.8646818738036557,-0.502319875294019
708,132.58351813666582,1.0057178218076634,0.7243014060777324,-0.6894834828723744
709,124.49442584501682,55.46831982067186,0.0006502107485558543,-0.9999997886129689
710,149.08928579181065,9.148475066542103,0.37075583514558347,-0.9287303756771935
711,169.93790458498054,34.81822958771552,-0.4187569623177469,-0.9080983462766646
712,123.83745015220877,137.44783229379624,-0.9884549998647978,-0.15151472945652064
713,174.78244711312436,75.70888012494552,-0.9425909525328786,-0.3339495414028301
714,99.96261750830766,28.30978541145624,0.7850748022041345,-0.6194009645973593
715,132.78773880427252,13.449242606443413,0.5557591429128242,-0.831343355701363
716,26.353290009713167,51.96443777059513,0.9792855077875525,0.20248430615056415
717,2.847652203837303,65.88414576219336,0.9318926809721202,0.36273410530386335
718,53.38945413659687,74.42165117351624,0.7900362012989888,-0.613060193322861
719,126.44992078462059,148.40929598475503,-0.996405843688003,0.08470770132873902
720,4.725616669397206,35.22761719487867,0.6421621325076152,0.7665688459448845
721,158.1007010727334,115.46130731130731,-0.9980681440837897,0.06212873542202122
722,167.84898314106067,175.9134710285139,-0.2796203249711901,0.9601106570927156
723,106.41015027303241,61.143465772418736,0.21552592442083837,-0.9764981187398893
724,160.12133426596702,147.16756211986805,-0.7955909032120376,0.6058342304015629
725,25.836044224462146,67.22038181364468,0.9985775089879529,-0.05331940119144966
726,154.1915123127905,154.1631551140774,-0.7841846657536131,0.6205275255755333
727,179.60495571599688,132.2134612248776,-0.7452617134727799,0.6667720588264149
728,93.92371412244604,31.90486142866304,0.8107719778292031,-0.5853621101223774
729,16.192451559376973,47.23218799328975,0.8943467090622768,0.4473745231788187
730,77.37474417330631,54.288443124784045,0.7470654405481838,-0.6647505002168468
731,1.530094356824605,175.78737495434967,0.0468018900005473,-0.9989041911476679
732,71.62719212596544,163.18340614496213,-0.817251509762791,-0.5762811551581732
733,102.99471689809252,100.81529613877503,-0.40370518896296603,-0.9148891301159807
734,65.5518082503717,5.298160350740162,0.9446628211265289,0.32804291545660275
735,92.0560395962983,13.167968083458007,0.9649065490712284,-0.2625935101243995
736,166.4640408674936,126.85995393586414,-0.9182806509704097,0.3959301024844672
737,71.15403922259317,169.45309865631583,-0.8712749608979533,-0.49079521443497176
738,166.55467619185416,75.02542428176618,-0.8794833296992374,-0.4759296931072305
739,170.51484017042202,170.79499863764312,-0.3204503312939466,0.9472653193132322
740,68.33323469433083,113.8053863691821,-0.03731731234363191,-0.9993034665202797
741,162.59397302588033,86.78686214897414,-0.9359417961100909,-0.35215473061456537
742,37.40813280645296,88.96531715084818,0.8051686927335512,-0.5930458466609004
743,7.916773332367963,51.35540499266053,0.8596042608911505,0.5109603846266155
744,158.76515070117486,2.120575664509241,0.32745329630542497,-0.9448673656861641
745,62.451594340658545,55.37155891919367,0.8843924358662505,-0.46674406196818413
746,54.792958772948296,122.42101374240507,0.0486061930907439,-0.9988180204587948
747,126.8730590031172,28.405759659066828,0.4182029062534511,-0.9083536366422316
748,118.72675776962835,91.79449243555428,-0.5078578942792229,-0.8614408622872922
749,23.729982622538714,57.70219296086582,0.9888401996783874,0.14898006410257317
750,71.503348617844,42.50978500351064,0.9134521994620058,-0.4069460397866331
751,116.6226551407717,44.75247180544636,0.3193707213089416,-0.9476298551494704
752,105.05591324311932,67.12325617176145,0.13607576201618526,-0.9906984339301816
753,170.57100561229913,172.69140499206463,-0.28798884576051864,0.9576337633550335
754,78.7720748783566,121.1688805526105,-0.3410515878426549,-0.9400445810864524
755,50.789824912845226,18.747098402846564,0.9368976800791723,0.34960368571035527
756,77.2254556465106,84.06099629154734,0.32083695734124557,-0.9471344396673641
757,96.73741473434995,72.56435890741749,0.18563619764436323,-0.9826185435478728
758,157.5265352132939,167.5538226670508,-0.5724270040064772,0.8199556848294721
759,171.94770917927795,159.6928789801996,-0.475000949354172,0.8799852828954785
760,121.2697497258797,1.6226569238174782,0.8396918435078375,-0.5430631712300229
761,151.61782696606576,0.4698860884101208,0.46811932496600994,-0.8836652633171496
762,110.24898117226178,119.64725965443851,-0.76487913835216,-0.6441738148307934
763,136.3173629203753,111.839484609147,-0.9282058668862935,-0.3720670217553075
764,83.71715693751337,113.6409410827355,-0.2983428501456522,-0.9544587700717978
765,36.233906457728736,96.82524391687713,0.730649238189041,-0.6827530232329798
766,155.50164753423533,118.83562487002551,-0.997136146907685,0.07562740594583164
767,159.15990328480066,70.9123632884893,-0.7668545749273719,-0.641820894730734
768,97.2742256692564,163.59741672027445,-0.9873354080632186,-0.15864675220324398
769,19.68458106510741,116.2513551381446,0.6954622472876056,-0.7185626365165902
770,156.84777526121803,21.767821113890076,0.024160050410721414,-0.9997081033802574
771,148.13953329555437,155.4904975430706,-0.8326310733208737,0.5538280380592245
772,119.94071813117674,107.38764917336596,-0.7352502638575231,-0.6777957284443763
773,76.3161281994825,76.40925994643696,0.4582557571881084,-0.8888203761187934
774,118.11726144137536,39.558340873859976,0.3798500978517083,-0.925048054515033
775,83.13709130967635,18.851890056483132,0.978187566442374,-0.2077235780010207
776,30.495748932419858,32.37078780875159,0.8899465945068461,0.4560647529964
777,172.36230376898368,166.75410374648092,-0.3564704610758947,0.9343065933516359
778,47.6067039150625,49.04269705082818,0.99327329646941,-0.11579360310825278
779,2.3747826812009754,59.04012118623456,0.8781074637949009,0.4784634594487721
780,142.0680511746932,100.49543574863239,-0.887521931792411,-0.4607654724341516
781,37.070078762429425,123.52801550154139,0.3321925045762531,-0.9432116092920804
782,157.71615304656265,95.36174193769219,-0.9567013584028365,-0.2910713157117466
783,40.45806253452,67.6712394082621,0.950356722629129,-0.3111624973444275
784,134.79692657263413,56.954899320261575,-0.2036729511039967,-0.9790389823641288
785,45.59959792181287,9.112419684524296,0.8162587759136795,0.5776864294268143
786,46.824879561387306,174.38933257811544,-0.6588760753386994,-0.7522514987331514
787,17.269862120138264,125.17071892578116,0.609583853652628,-0.7927215938562614
788,128.79514429915733,57.508304954412054,-0.10979414816818184,-0.9939543475572826
789,107.0062254308838,22.278412327728866,0.7740100050607683,-0.6331733665164933
790,50.09520988071331,89.18069165256695,0.6524172156160262,-0.7578599981314699
791,78.18968585984048,6.797543033932265,0.9961752465167938,0.08737779023988317
792,8.570149891103299,139.5880254838113,0.5275760575149342,-0.8495078007511166
793,4.1769400200344915,80.26937612501877,0.9953059578155522,0.09677835675845206
794,21.16950294919181,169.71072223844743,-0.18875652283981248,-0.9820239177766615
795,101.38862673462333,176.447313870431,-0.9906625136347932,0.13633702387390284
796,64.43244919713291,164.88432372350087,-0.7583252007505559,-0.6518764376065675
797,79.68439719314874,120.63193132547585,-0.3472029230833604,-0.9377900245803269
798,120.70112954679755,69.59407428722301,-0.17871985456773448,-0.9839000018209614
799,40.19053110805048,178.33071959468484,-0.6228048590553927,-0.7823772156300262
800,12.111263452517067,69.8169843838938,0.9900930042015659,0.14041311559508232
801,96.56982337162523,106.07018149967237,-0.3849398297447497,-0.9229416706791839
802,132.13338402340716,85.45191765141684,-0.6099418944615911,-0.7924461403657698
803,90.74726877996834,38.756595694045075,0.7715816795589587,-0.6361302632079191
804,71.73262349025042,138.19624688828304,-0.4989244911274935,-0.8666454593160756
805,112.87480172470589,172.43545827977414,-0.96451015101928,0.26404576985963196
806,32.436836159946225,83.37534060581807,0.9002262537314971,-0.43542242947803467
807,43.23573661173863,101.82190970298439,0.5727519825708093,-0.8197287151620392
808,99.78951537182904,168.77463770204542,-0.9996860082073775,-0.025057633455676652
809,143.81484583517786,173.49527984069476,-0.6780297804803416,0.7350344323783613
810,48.02676749536126,165.20991180905273,-0.5480987865380466,-0.8364136059363937
811,28.838210507911217,117.11304902392818,0.5598979481019141,-0.8285615775011935
812,110.29525632919275,110.73838589615444,-0.6565020568846136,-0.7543242335403733
813,160.8247045891861,158.25675788893918,-0.6549853288743388,0.7556415942491349
814,111.69046128624748,152.85100572912626,-0.9954653046866752,-0.09512532346891105
815,124.28116104964114,13.58646683892933,0.6708457282264673,-0.7415969315742217
816,4.174765087008174,104.82290665191623,0.9455318045481081,-0.3255297322641946
817,32.818967147712144,108.54239629001297,0.6244064616040123,-0.781099590773902
818,30.95051931322974,57.324851653009574,0.9995470155072468,0.03009590986422753
819,159.3498815691615,104.04523442854534,-0.9933629645279265,-0.11502182707768784
820,24.053747064560017,21.489262428019785,0.7137763907757793,0.7003736602493714
821,165.77113374310707,173.16062129500165,-0.3594796820474888,0.9331529125470468
822,75.50802090437698,165.69916197932548,-0.8763670681926147,-0.4816438121552908
823,17.03179619931744,141.80742191514997,0.36098632355194765,-0.9325711094648218
824,158.3883595974496,72.49732534404953,-0.7758888117105966,-0.6308696789847476
825,83.43967634891544,81.49884297520099,0.25985537316117296,-0.9656475470062913
826,78.79551052926733,32.75289924266049,0.9301075754004212,-0.3672872148370397
827,107.21888561726144,103.96985528170515,-0.5178589131238989,-0.8554660402950746
828,33.71903001166559,40.413611675455634,0.9618972293806539,0.27341126551373424
829,125.41757104247054,23.556168766579596,0.5154308835420537,-0.8569311549308135
830,111.34538954872768,150.6881055915271,-0.9903492601828054,-0.13859416602213032
831,31.49608601819031,19.553506219229874,0.777690377177165,0.6286474984011617
832,113.52069127599441,8.919860384917989,0.8439484772890788,-0.536424242257418
833,93.26320243348998,118.46561980034292,-0.5258995790376143,-0.8505466670136683
834,54.27675513971754,143.45950377407314,-0.3046358798475385,-0.9524688870034108
835,49.14576551167117,77.82364056891238,0.7989567441123581,-0.6013884942675408
836,98.57943146822902,51.73474040819239,0.4952438008306949,-0.8687540375381095
837,3.9985215025598286,37.95221582632736,0.6684914063039794,0.7437198664132402
838,71.09220996618191,41.02530125305128,0.9264136027691977,-0.3765074190559798
839,169.72375422307118,72.13920286122745,-0.8818221626803788,-0.471582096146259
840,173.22684389469956,48.03077381286669,-0.6594457694409885,-0.7517521381189298
841,103.6186655417171,68.29850026082818,0.1406046147550936,-0.9900658272607795
842,68.96494071764319,81.5698592414068,0.4918948380047532,-0.870654620584005
843,30.631251408507783,154.92091794720002,-0.0967520478040156,-0.9953085156099738
844,51.044005785239776,64.86670366646116,0.8994761183509093,-0.43696992175249416
845,159.99765802941744,177.02482944615917,-0.3903698182089935,0.9206581368952742
846,0.9714106760129826,116.82654329940313,0.884597629255302,-0.46635505177482434
847,107.86751502426793,121.05884452803116,-0.7538657452406416,-0.6570284911271139
848,89.82469469093945,126.51812772954435,-0.592615357932294,-0.8054855911453532
849,79.90776342431947,57.862349354613805,0.6721069241251452,-0.7404541056291309
850,57.330472926856814,142.885720097775,-0.34556342360029113,-0.938395396551819
851,107.09788570184926,124.70939252186021,-0.7859354426146667,-0.6183085637787072
852,87.5601312446348,143.96925444611355,-0.7829273273831558,-0.6221131730132939
853,169.02418888406146,168.58651015022966,-0.3808977261060889,0.9246171760502889
854,12.470891238142745,72.01823716293205,0.9953779941774271,0.09603462244066882
855,29.43187175591232,23.424958428908017,0.7971292121528666,0.6038087603973217
856,30.169745224223572,18.743510951845423,0.7537154650443106,0.6572008808218676
857,107.87470637732709,35.34271866256068,0.5987800489346568,-0.800913511559026
858,91.96376728324638,15.928385977742659,0.9516364878841225,-0.30722629270225615
859,63.02224795438383,33.7280216409351,0.993067903892165,-0.11754207016733027
860,47.646912576430495,16.008497187472027,0.8961413403575785,0.4437687439445488
861,15.294703473789195,48.85164823492079,0.8999108528008372,0.43607391232596115
862,123.25394706653974,46.628704758296195,0.17566480865449086,-0.9844500368227842
863,163.8874906394572,90.8158655830064,-0.9645728737295456,-0.26381654850506653
864,36.09767776893564,50.15410728486806,0.9978609603931441,0.06537204083759515
865,88.27520338855481,33.323553612601465,0.8517383015142019,-0.5239674281228771
866,19.53832127086683,100.54642035140827,0.8652849466773661,-0.5012803218295604
867,168.69624596697116,157.68669454030692,-0.55363952227583,0.8327564346038947
868,111.881452383525,85.43310074227281,-0.2976173736889013,-0.95468523549834
869,55.902956298621206,162.33892956711207,-0.6189827278070358,-0.7854045980744964
870,75.87038368626234,169.63785061027542,-0.9100208593615395,-0.4145624627566816
871,40.866983259825055,93.530425364971,0.7145043232962185,-0.6996310256063641
872,158.84877337042195,142.64087603936267,-0.8527345407879572,0.5223445251432735
873,31.362782284005096,130.35466132355427,0.3137033903664095,-0.9495210281360914
874,84.33158992423479,173.0596671772825,-0.9758834635839978,-0.21829215630274024
875,147.25078999135357,21.823849511898146,0.1895300631106863,-0.9818749182952273
876,137.58091231514206,50.860426251433054,-0.14679674462482847,-0.989166677444986
877,94.17487293933648,97.34960636479254,-0.19978658360536772,-0.9798394363421465
878,61.73157155737852,17.07348978315485,0.9809723096126892,0.19414769577089014
879,24.246512366238264,133.89738521034658,0.37227680470587354,-0.9281217488443986
880,145.33375919296242,55.899244148212446,-0.3621615443885394,-0.9321153446683023
881,119.747646102339,19.128709184665766,0.6576861689119926,-0.7532920437797455
882,23.88289266503751,95.4842042633931,0.8714955772420999,-0.49040336341368934
883,135.92451716328966,13.699767342342565,0.5056681469347853,-0.8627280713965093
884,17.849741474299726,127.55187135033093,0.56782057428013,-0.8231523524987239
885,127.66263042993073,19.703840138131604,0.5392636950120745,-0.8421369646571301
886,12.388679428830997,176.9006712292868,-0.16142039531045554,-0.9868857360291597
887,178.36817460557333,116.11951177521988,-0.9100503729123223,0.4144976703941086
888,100.89121499441264,92.04641263506802,-0.2238902188658352,-0.9746143698387626
889,9.22102994884742,15.664497360354101,0.4208066841518442,0.9071503373604234
890,75.10333294922533,51.44322116005737,0.8033732884299547,-0.5954757421064613
891,166.73754405702152,29.459734626456953,-0.2789454956797303,-0.9603069355367531
892,50.1809099866894,7.752436051061505,0.8474310508861854,0.5309054661556382
893,143.7170635151098,20.237878243724428,0.2763932207985428,-0.9610446334570565
894,100.7248164434647,166.9765205042407,-0.999195331283265,-0.04010847718034732
895,2.3413813591014865,5.902624137835611,0.14338908010195003,0.9896663941488144
896,70.048945207275,122.49983694352035,-0.21727076274062096,-0.9761113746177271
897,44.54601591584876,74.76562016103043,0.8719698668170024,-0.4895595483321096
898,12.406686940366889,82.70948865536357,0.9960159293101958,-0.089175493047962
899,42.73990509070304,81.88132532202712,0.8229259028667077,-0.5681487115104757
900,117.9103807141494,113.33593204642237,-0.7798442005056958,-0.625973659939164
901,126.49330130185562,5.72563322873904,0.7405825724022391,-0.671965366260853
902,58.74206199547603,23.004135452306937,0.9896418614572716,0.14355830192429256
903,135.1988644422688,77.31204622004037,-0.5374602030906735,-0.8432891141795511
904,76.41815294464932,133.4455214466628,-0.49793802578814617,-0.8672126166484223
905,123.1572740514704,125.78591073881348,-0.9332246054335318,-0.3592935231999443
906,47.48642290452104,100.41042345496223,0.5314452054984768,-0.8470926711716267
907,174.37101864802582,14.173110889390435,-0.14857111289315203,-0.9889017263680402
908,133.1037726681976,36.0739631044759,0.18776300160907372,-0.9822143631747354
909,116.76140427412786,167.17868982451938,-0.970548138574016,0.24090726579020522
910,66.26483795732588,144.84337695419808,-0.5166560927801785,-0.8561930166692086
911,65.00819665084204,167.30332726373476,-0.7913465135505773,-0.6113678888290961
912,15.589508659870472,78.63430213158726,0.9972839550163407,-0.07365265145916494
913,154.8472203337994,131.1205512448402,-0.961416587685424,0.27509661016325754
914,91.00605968890501,87.00159217462705,0.0347660275343033,-0.9993954789418872
915,142.7934812929176,136.78628331564013,-0.9860548739963658,0.166420507955033
916,38.74909108478765,91.62270473361426,0.7618572560584208,-0.6477449508804634
917,5.7005719578033105,45.88774346387654,0.7835667676529718,0.6213075893869909
918,159.17034181838318,3.303303373037867,0.30114445666766504,-0.9535785317520192
919,60.1931093495094,126.86207326892693,-0.12282522617776233,-0.9924283167132937
920,35.380308322385986,2.368322723160461,0.6121983881014886,0.790704201080239
921,157.59788772067242,111.0599538571445,-0.9997256452763305,-0.023422941250506767
922,112.4596976746043,165.09076541141417,-0.9913295162967872,0.13139935357062424
923,7.59153496432269,110.23540866763086,0.884361556723573,-0.46680256746236803
924,160.95214807239466,29.727463010385677,-0.18531693720221679,-0.9826788044859773
925,54.67873551798329,178.73328986039567,-0.802942594643312,-0.596056364539014
926,14.226021479982665,15.869469017793147,0.5014426432914032,0.8651908896243248
927,169.9001018978473,13.459112968155413,-0.05859577668818718,-0.998281791356683
928,10.920544988365513,20.84975203064659,0.52651512774173,0.8501657604603409
929,126.96868402431586,103.8477370845878,-0.7751255980002469,-0.6318071757464928
930,170.85781495082992,41.0418060740151,-0.5284327193028184,-0.8489751828941932
931,11.175937546036973,80.57781574991915,0.9995315881943548,-0.030603989963249725
932,140.05278293651406,157.4089074664726,-0.8873193732100286,0.4611554292493605
933,45.003521609284384,3.510942820467391,0.7491229766267948,0.662430951790306
934,110.08924396875788,170.94746939065502,-0.98150471744599,0.1914379524317669
935,69.26024843865964,139.70892040089328,-0.4843389126123048,-0.8748804591082888
936,19.977609810749016,131.41496660622911,0.47880561063467364,-0.8779209458856516
937,140.7742285290395,97.51101272742882,-0.850675725656356,-0.5256907929372856
938,99.47690608492192,108.1026419447927,-0.462979671503457,-0.8863688982441515
939,115.09829593542767,111.41852462287801,-0.7255764228427878,-0.6881415948877556
940,58.106690661122364,98.32887899354613,0.3997800705101131,-0.9166110926794029
941,27.16746463955265,33.17224824704873,0.8689747183811263,0.4948564830478048
942,76.41971726133858,28.26807871648515,0.9673217813692305,-0.25355191044174474
943,57.23544492526353,134.1055015372094,-0.19664689098706867,-0.9804743751190644
944,25.39854260885323,60.76538991567924,0.997759551429233,0.06690199945992384
945,57.1836088284612,0.6953134376133607,0.8469263753576797,0.5317101792551113
946,175.07385347155844,152.70871312609637,-0.5331337228235719,0.8460309885508206
947,52.29126035671659,82.94017251743927,0.7042448283686753,-0.7099571971013288
948,179.16961670954637,123.59687213306822,-0.840883294020809,0.541216487033344
949,58.3048082756202,110.77511719939895,0.18943947686946286,-0.9818923997075363
950,53.99828791141147,3.021649650721665,0.8388600385349083,0.5443471647296532
951,104.00647281044819,178.9290261432382,-0.9746226872253926,0.22385400944712736
952,161.88435698147467,111.71584181215007,-0.9980265105640717,0.06279398228574916
953,160.87275772932912,5.727528717540878,0.23174304015563876,-0.9727770368072131
954,72.42594403073096,62.95855789008651,0.7023456250178677,-0.7118360928038567
955,146.11056832912513,135.92572527063012,-0.9780157043355421,0.20853124963192815
956,160.86178943895433,108.12640445603303,-0.9998440777675708,-0.017658430086391477
957,31.633750353835026,19.85857056363198,0.7825247171291787,0.6226195203187087
958,134.9700898138697,52.926950691196055,-0.1373933831370562,-0.9905165613305787
959,169.385282251263,174.36144541359428,-0.2798838449234804,0.9600338709393795
960,123.51653010914663,0.9894079235942677,0.8240674828606377,-0.5664916448560672
961,137.84432788016403,143.2261599829033,-0.9813916987904255,0.1920164928990288
962,142.1053265729914,60.26491726463357,-0.38059016846478155,-0.9247438151552835
963,122.9967405718927,105.77010913211564,-0.7520336772368619,-0.6591246834261356
964,65.46740537257699,103.1797438855553,0.19685059879467529,-0.9804334968544158
965,30.33844954235837,49.229889140844776,0.9834715668096707,0.18106263357449343
966,142.2866270933681,145.82415283633233,-0.9504572625050269,0.3108552591664654
967,65.03996339920526,150.28849948659158,-0.5782629866098856,-0.815850426436743
968,48.53122515836882,5.9739148173507335,0.814167609652009,0.580629919478435
969,94.64469565575192,23.84649113477647,0.8788904985979471,-0.4770235753862191
970,113.59835996339679,83.74748152250702,-0.29813866847963705,-0.9545225688045249
971,106.65440256836699,83.5166367183195,-0.1765872464029157,-0.9842849914571673
972,113.85411649116993,120.40536169780401,-0.811670620714201,-0.5841154025271236
973,43.0408087862706,5.363168654107402,0.7478441780761624,0.6638742993350389
974,177.23439655723007,147.55782962744647,-0.5765431799990882,0.8170666812424424
975,128.78079877650535,17.946201451835815,0.5486288887811109,-0.8360659916506612
976,110.47897760675372,51.36244036611115,0.31164812117308077,-0.9501975839630875
977,6.890490208491274,129.5226471962214,0.6894534795423004,-0.7243299659319741
978,50.594194570918795,167.79258598753552,-0.6209669478137988,-0.783836749408201
979,148.54854387038304,45.96647157540054,-0.250633716906047,-0.9680819903034348
980,79.13613999862244,154.85106893813608,-0.8088857534103855,-0.5879658475878621
981,112.75618849168168,127.41998044888766,-0.8675586717100883,-0.4973348481060092
982,85.15876476956035,138.49104184364174,-0.6902487980114824,-0.7235721089454069
983,70.49044146136337,130.90248486683726,-0.36476183446465626,-0.9311008560397626
984,48.637942897710396,72.60209496839651,0.8550020579129805,-0.5186246050512533
985,20.22157204390996,35.055104253081645,0.8219122332221146,0.5696141508774482
986,85.00362309131074,161.35896175871773,-0.9161010992504236,-0.4009473481046677
987,103.0057974773008,112.36061654387815,-0.5788032564144117,-0.8154672221273354
988,33.63905648412685,37.769607464670216,0.9478166304246787,0.3188159893895038
989,104.04916886738854,41.38380716749247,0.5673699028103192,-0.8234630491922567
990,157.80962534206324,80.35760865104164,-0.8495912013394826,-0.5274417414336249
991,101.81191051833484,1.4222243992217276,0.9734426862565417,-0.22893085544252867
992,60.81830474454593,71.85814569419209,0.7351932684773033,-0.6778575499215597
993,76.23864155438673,69.8273111688993,0.5582382345524843,-0.8296807057439177
994,31.517195199687634,135.29211109527205,0.22819273307056184,-0.9736159800320593
995,2.760267050940217,95.8455309652098,0.9887412438343298,-0.1496353993577131
996,107.82605003884892,34.832245166396035,0.6065672536788482,-0.7950321797037525
997,152.90371028444264,76.79794247445678,-0.7626869867310357,-0.6467677792462554
998,57.96744573427627,90.31671433633899,0.525706845309821,-0.8506658055866568
999,21.050698207031203,42.36594721897494,0.8942842809500131,0.44749930150305034
